{"type":"FeatureCollection","features":[{"type":"Feature","properties":{},"geometry":{"type":"Point","coordinates":[14.869565963745117,56.166223923636714]}},{"type":"Feature","properties":{},"geometry":{"type":"Point","coordinates":[14.864888191223145,56.167538106161985]}},{"type":"Feature","properties":{},"geometry":{"type":"Point","coordinates":[14.86875057220459,56.17121757799169]}},{"type":"Feature","properties":{},"geometry":{"type":"Point","coordinates":[14.858922958374025,56.17191042609775]}},{"type":"Feature","properties":{},"geometry":{"type":"Point","coordinates":[14.85471725463867,56.168517740242024]}},{"type":"Feature","properties":{},"geometry":{"type":"Point","coordinates":[14.879136085510252,56.177142220188465]}},{"type":"Feature","properties":{},"geometry":{"type":"Point","coordinates":[14.860811233520506,56.177643861615046]}},{"type":"Feature","properties":{},"geometry":{"type":"Point","coordinates":[14.86269950866699,56.18184783684291]}},{"type":"Feature","properties":{},"geometry":{"type":"Point","coordinates":[15.590715408325195,56.16703633268694]}},{"type":"Feature","properties":{},"geometry":{"type":"Point","coordinates":[15.580759048461914,56.16390607394954]}},{"type":"Feature","properties":{},"geometry":{"type":"Point","coordinates":[15.59157371520996,56.16168367434202]}},{"type":"Feature","properties":{},"geometry":{"type":"Point","coordinates":[15.583419799804686,56.158457381582565]}},{"type":"Feature","properties":{},"geometry":{"type":"Point","coordinates":[15.576596260070799,56.16158808437784]}},{"type":"Feature","properties":{},"geometry":{"type":"Point","coordinates":[15.591530799865723,56.15802718874132]}},{"type":"Feature","properties":{},"geometry":{"type":"Point","coordinates":[15.586509704589844,56.173845556307036]}},{"type":"Feature","properties":{},"geometry":{"type":"Point","coordinates":[15.596766471862795,56.174395019945834]}},{"type":"Feature","properties":{},"geometry":{"type":"Point","coordinates":[15.590758323669432,56.18017585638521]}},{"type":"Feature","properties":{},"geometry":{"type":"Point","coordinates":[15.601186752319334,56.18184783684291]}},{"type":"Feature","properties":{},"geometry":{"type":"Point","coordinates":[15.59384822845459,56.18638570239601]}},{"type":"Feature","properties":{},"geometry":{"type":"Point","coordinates":[15.602045059204102,56.18705439511692]}}]}